Round,Date,Team 1,FT,HT,Team 2
?,(Fri) 5 Aug 2005 (31),Club Brugge (1),2-0,2-0,Royal Excel Moeskroen (1)
?,(Sat) 6 Aug 2005 (31),RSC Anderlecht (1),6-0,3-0,RAA Louviéroise (1)
?,(Sat) 6 Aug 2005 (31),KSK Beveren (1),0-2,0-1,FC Brussels (1)
?,(Sat) 6 Aug 2005 (31),KAA Gent (1),1-3,1-1,SV Zulte Waregem (1)
?,(Sat) 6 Aug 2005 (31),KSC Lokeren OV (1),1-1,0-0,KRC Genk (1)
?,(Sat) 6 Aug 2005 (31),Sint-Truidense VV (1),1-0,1-0,KSV Roeselare (1)
?,(Sat) 6 Aug 2005 (31),Standard Liège (1),3-1,2-1,K Lierse SK (1)
?,(Sat) 6 Aug 2005 (31),KVC Westerlo (1),2-0,2-0,Cercle Brugge (1)
?,(Sun) 7 Aug 2005 (31),Sporting Charleroi (1),2-0,0-0,Germinal Beerschot (1)
?,(Fri) 12 Aug 2005 (32),RAA Louviéroise (2),1-1,0-1,KAA Gent (2)
?,(Sat) 13 Aug 2005 (32),FC Brussels (2),1-1,1-1,Club Brugge (2)
?,(Sat) 13 Aug 2005 (32),Germinal Beerschot (2),0-1,0-0,KVC Westerlo (2)
?,(Sat) 13 Aug 2005 (32),Royal Excel Moeskroen (2),0-2,0-0,KSC Lokeren OV (2)
?,(Sun) 14 Aug 2005 (32),Cercle Brugge (2),0-2,0-1,RSC Anderlecht (2)
?,(Sun) 14 Aug 2005 (32),KRC Genk (2),0-0,0-0,Sporting Charleroi (2)
?,(Sun) 14 Aug 2005 (32),K Lierse SK (2),1-0,1-0,Sint-Truidense VV (2)
?,(Sun) 14 Aug 2005 (32),KSV Roeselare (2),1-0,1-0,KSK Beveren (2)
?,(Sun) 14 Aug 2005 (32),SV Zulte Waregem (2),1-2,1-0,Standard Liège (2)
?,(Sat) 20 Aug 2005 (33),RSC Anderlecht (3),3-1,2-1,Germinal Beerschot (3)
?,(Sat) 20 Aug 2005 (33),KSK Beveren (3),4-1,2-1,K Lierse SK (3)
?,(Sat) 20 Aug 2005 (33),Sporting Charleroi (3),1-0,0-0,Royal Excel Moeskroen (3)
?,(Sat) 20 Aug 2005 (33),Club Brugge (3),1-0,1-0,KSV Roeselare (3)
?,(Sat) 20 Aug 2005 (33),KAA Gent (3),1-0,0-0,Cercle Brugge (3)
?,(Sat) 20 Aug 2005 (33),SV Zulte Waregem (3),0-0,0-0,RAA Louviéroise (3)
?,(Sat) 20 Aug 2005 (33),KVC Westerlo (3),1-1,1-1,KRC Genk (3)
?,(Sun) 21 Aug 2005 (33),KSC Lokeren OV (3),1-0,1-0,FC Brussels (3)
?,(Sun) 21 Aug 2005 (33),Standard Liège (3),2-0,0-0,Sint-Truidense VV (3)
?,(Fri) 26 Aug 2005 (34),Sint-Truidense VV (4),1-0,1-0,KSK Beveren (4)
?,(Sat) 27 Aug 2005 (34),Cercle Brugge (4),2-4,0-2,SV Zulte Waregem (4)
?,(Sat) 27 Aug 2005 (34),FC Brussels (4),2-2,1-1,Sporting Charleroi (4)
?,(Sat) 27 Aug 2005 (34),Germinal Beerschot (4),2-1,1-0,KAA Gent (4)
?,(Sat) 27 Aug 2005 (34),K Lierse SK (4),1-1,0-1,Club Brugge (4)
?,(Sat) 27 Aug 2005 (34),RAA Louviéroise (4),2-3,0-2,Standard Liège (4)
?,(Sat) 27 Aug 2005 (34),Royal Excel Moeskroen (4),1-0,0-0,KVC Westerlo (4)
?,(Sun) 28 Aug 2005 (34),KRC Genk (4),3-3,0-1,RSC Anderlecht (4)
?,(Sun) 28 Aug 2005 (34),KSV Roeselare (4),4-0,1-0,KSC Lokeren OV (4)
?,(Sat) 10 Sep 2005 (36),RSC Anderlecht (5),3-1,1-1,Royal Excel Moeskroen (5)
?,(Sat) 10 Sep 2005 (36),Sporting Charleroi (5),1-1,1-1,KSV Roeselare (5)
?,(Sat) 10 Sep 2005 (36),Club Brugge (5),2-1,1-1,Sint-Truidense VV (5)
?,(Sat) 10 Sep 2005 (36),KAA Gent (5),2-0,2-0,KRC Genk (5)
?,(Sat) 10 Sep 2005 (36),RAA Louviéroise (5),0-0,0-0,Cercle Brugge (5)
?,(Sat) 10 Sep 2005 (36),SV Zulte Waregem (5),2-1,0-0,Germinal Beerschot (5)
?,(Sat) 10 Sep 2005 (36),KVC Westerlo (5),3-0,2-0,FC Brussels (5)
?,(Sun) 11 Sep 2005 (36),Standard Liège (5),1-3,1-1,KSK Beveren (5)
?,(Fri) 16 Sep 2005 (37),Royal Excel Moeskroen (6),1-2,1-2,KAA Gent (6)
?,(Sat) 17 Sep 2005 (37),Cercle Brugge (6),0-3,0-2,Standard Liège (6)
?,(Sat) 17 Sep 2005 (37),FC Brussels (6),1-1,0-0,RSC Anderlecht (6)
?,(Sat) 17 Sep 2005 (37),K Lierse SK (5),0-0,0-0,Sporting Charleroi (6)
?,(Sat) 17 Sep 2005 (37),Sint-Truidense VV (6),1-2,0-0,KSC Lokeren OV (5)
?,(Sun) 18 Sep 2005 (37),KSK Beveren (6),0-1,0-1,Club Brugge (6)
?,(Sun) 18 Sep 2005 (37),KRC Genk (6),3-1,1-1,SV Zulte Waregem (6)
?,(Sun) 18 Sep 2005 (37),Germinal Beerschot (6),1-1,1-1,RAA Louviéroise (6)
?,(Sun) 18 Sep 2005 (37),KSV Roeselare (6),0-2,0-1,KVC Westerlo (6)
?,(Tue) 20 Sep 2005 (38),Sporting Charleroi (7),0-1,0-0,Sint-Truidense VV (7)
?,(Tue) 20 Sep 2005 (38),KAA Gent (7),2-1,2-0,FC Brussels (7)
?,(Wed) 21 Sep 2005 (38),RSC Anderlecht (7),5-1,3-0,KSV Roeselare (7)
?,(Wed) 21 Sep 2005 (38),Cercle Brugge (7),3-0,2-0,Germinal Beerschot (7)
?,(Wed) 21 Sep 2005 (38),KSC Lokeren OV (6),1-2,0-1,KSK Beveren (7)
?,(Wed) 21 Sep 2005 (38),RAA Louviéroise (7),2-3,0-1,KRC Genk (7)
?,(Wed) 21 Sep 2005 (38),Standard Liège (7),2-0,2-0,Club Brugge (7)
?,(Wed) 21 Sep 2005 (38),SV Zulte Waregem (7),4-1,2-0,Royal Excel Moeskroen (7)
?,(Wed) 21 Sep 2005 (38),KVC Westerlo (7),0-0,0-0,K Lierse SK (6)
?,(Sat) 24 Sep 2005 (38),KSK Beveren (8),1-1,0-0,Sporting Charleroi (8)
?,(Sat) 24 Sep 2005 (38),Club Brugge (8),0-1,0-1,KSC Lokeren OV (7)
?,(Sat) 24 Sep 2005 (38),FC Brussels (8),1-1,0-0,SV Zulte Waregem (8)
?,(Sat) 24 Sep 2005 (38),KRC Genk (8),3-1,1-1,Cercle Brugge (8)
?,(Sat) 24 Sep 2005 (38),Royal Excel Moeskroen (8),2-1,2-1,RAA Louviéroise (8)
?,(Sat) 24 Sep 2005 (38),Sint-Truidense VV (8),0-1,0-1,KVC Westerlo (8)
?,(Sun) 25 Sep 2005 (38),Germinal Beerschot (8),2-2,2-1,Standard Liège (8)
?,(Sun) 25 Sep 2005 (38),K Lierse SK (7),0-0,0-0,RSC Anderlecht (8)
?,(Sun) 25 Sep 2005 (38),KSV Roeselare (8),1-1,0-0,KAA Gent (8)
?,(Fri) 30 Sep 2005 (39),Sporting Charleroi (9),3-3,2-1,Club Brugge (9)
?,(Sat) 1 Oct 2005 (39),RSC Anderlecht (9),3-0,0-0,Sint-Truidense VV (9)
?,(Sat) 1 Oct 2005 (39),KAA Gent (9),1-1,0-0,K Lierse SK (8)
?,(Sat) 1 Oct 2005 (39),RAA Louviéroise (9),0-3,0-1,FC Brussels (9)
?,(Sat) 1 Oct 2005 (39),Standard Liège (9),2-1,1-0,KSC Lokeren OV (8)
?,(Sat) 1 Oct 2005 (39),SV Zulte Waregem (9),2-1,0-0,KSV Roeselare (9)
?,(Sat) 1 Oct 2005 (39),KVC Westerlo (9),4-1,0-0,KSK Beveren (9)
?,(Sun) 2 Oct 2005 (39),Cercle Brugge (9),1-0,0-0,Royal Excel Moeskroen (9)
?,(Sun) 2 Oct 2005 (39),Germinal Beerschot (9),2-2,1-1,KRC Genk (9)
?,(Sat) 15 Oct 2005 (41),KSK Beveren (10),0-1,0-1,RSC Anderlecht (10)
?,(Sat) 15 Oct 2005 (41),Club Brugge (10),2-1,1-1,KVC Westerlo (10)
?,(Sat) 15 Oct 2005 (41),FC Brussels (10),1-2,0-1,Cercle Brugge (10)
?,(Sat) 15 Oct 2005 (41),K Lierse SK (9),0-2,0-1,SV Zulte Waregem (10)
?,(Sat) 15 Oct 2005 (41),KSC Lokeren OV (9),4-2,0-2,Sporting Charleroi (10)
?,(Sat) 15 Oct 2005 (41),Royal Excel Moeskroen (10),4-1,1-0,Germinal Beerschot (10)
?,(Sat) 15 Oct 2005 (41),KSV Roeselare (10),4-1,2-1,RAA Louviéroise (10)
?,(Sun) 16 Oct 2005 (41),KRC Genk (10),0-1,0-1,Standard Liège (10)
?,(Sun) 16 Oct 2005 (41),Sint-Truidense VV (10),1-1,0-0,KAA Gent (10)
?,(Fri) 21 Oct 2005 (42),Standard Liège (11),1-0,0-0,Sporting Charleroi (11)
?,(Sat) 22 Oct 2005 (42),Cercle Brugge (11),2-2,2-2,KSV Roeselare (11)
?,(Sat) 22 Oct 2005 (42),KRC Genk (11),1-0,0-0,Royal Excel Moeskroen (11)
?,(Sat) 22 Oct 2005 (42),KAA Gent (11),3-0,2-0,KSK Beveren (11)
?,(Sat) 22 Oct 2005 (42),Germinal Beerschot (11),0-1,0-1,FC Brussels (11)
?,(Sat) 22 Oct 2005 (42),RAA Louviéroise (11),1-0,0-0,K Lierse SK (10)
?,(Sat) 22 Oct 2005 (42),SV Zulte Waregem (11),1-5,0-2,Sint-Truidense VV (11)
?,(Sat) 22 Oct 2005 (42),KVC Westerlo (11),1-1,1-0,KSC Lokeren OV (10)
?,(Sun) 23 Oct 2005 (42),RSC Anderlecht (11),2-2,1-0,Club Brugge (11)
?,(Fri) 28 Oct 2005 (43),KSC Lokeren OV (11),2-2,0-1,RSC Anderlecht (12)
?,(Sat) 29 Oct 2005 (43),KSK Beveren (12),2-1,0-0,SV Zulte Waregem (12)
?,(Sat) 29 Oct 2005 (43),Sporting Charleroi (12),2-1,2-0,KVC Westerlo (12)
?,(Sat) 29 Oct 2005 (43),Club Brugge (12),2-1,1-0,KAA Gent (12)
?,(Sat) 29 Oct 2005 (43),FC Brussels (12),1-0,1-0,KRC Genk (12)
?,(Sat) 29 Oct 2005 (43),K Lierse SK (11),0-4,0-4,Cercle Brugge (12)
?,(Sat) 29 Oct 2005 (43),Sint-Truidense VV (12),1-3,0-1,RAA Louviéroise (12)
?,(Sun) 30 Oct 2005 (43),Royal Excel Moeskroen (12),2-1,1-0,Standard Liège (12)
?,(Sun) 30 Oct 2005 (43),KSV Roeselare (12),5-1,4-0,Germinal Beerschot (12)
?,(Fri) 4 Nov 2005 (44),KAA Gent (13),1-2,0-2,KSC Lokeren OV (12)
?,(Sat) 5 Nov 2005 (44),RSC Anderlecht (13),3-1,2-1,Sporting Charleroi (13)
?,(Sat) 5 Nov 2005 (44),Cercle Brugge (13),2-1,2-1,Sint-Truidense VV (13)
?,(Sat) 5 Nov 2005 (44),KRC Genk (13),4-1,3-0,KSV Roeselare (13)
?,(Sat) 5 Nov 2005 (44),Germinal Beerschot (13),4-0,1-0,K Lierse SK (12)
?,(Sat) 5 Nov 2005 (44),RAA Louviéroise (13),2-0,1-0,KSK Beveren (13)
?,(Sat) 5 Nov 2005 (44),Royal Excel Moeskroen (13),1-1,1-1,FC Brussels (13)
?,(Sun) 6 Nov 2005 (44),Standard Liège (13),1-0,0-0,KVC Westerlo (13)
?,(Sun) 6 Nov 2005 (44),SV Zulte Waregem (13),2-1,1-0,Club Brugge (13)
?,(Wed) 9 Nov 2005 (45),KSC Lokeren OV (13),1-0,1-0,K Lierse SK (13)
?,(Sat) 19 Nov 2005 (46),KSK Beveren (14),5-1,2-0,Cercle Brugge (14)
?,(Sat) 19 Nov 2005 (46),Sporting Charleroi (14),2-0,1-0,KAA Gent (14)
?,(Sat) 19 Nov 2005 (46),Club Brugge (14),4-0,0-0,RAA Louviéroise (14)
?,(Sat) 19 Nov 2005 (46),FC Brussels (14),3-1,2-1,Standard Liège (14)
?,(Sat) 19 Nov 2005 (46),KSC Lokeren OV (14),2-3,1-2,SV Zulte Waregem (14)
?,(Sat) 19 Nov 2005 (46),Sint-Truidense VV (14),1-2,0-1,Germinal Beerschot (14)
?,(Sun) 20 Nov 2005 (46),K Lierse SK (14),1-2,0-2,KRC Genk (14)
?,(Sun) 20 Nov 2005 (46),KSV Roeselare (14),5-0,1-0,Royal Excel Moeskroen (14)
?,(Sun) 20 Nov 2005 (46),KVC Westerlo (14),2-1,1-0,RSC Anderlecht (14)
?,(Sun) 27 Nov 2005 (47),Cercle Brugge (15),0-1,0-1,Club Brugge (15)
?,(Sun) 27 Nov 2005 (47),KRC Genk (15),2-0,1-0,Sint-Truidense VV (15)
?,(Fri) 2 Dec 2005 (48),RSC Anderlecht (15),3-0,2-0,KAA Gent (15)
?,(Sat) 3 Dec 2005 (48),Sporting Charleroi (15),0-2,0-1,RAA Louviéroise (15)
?,(Sat) 3 Dec 2005 (48),Club Brugge (16),2-0,0-0,Germinal Beerschot (15)
?,(Sat) 3 Dec 2005 (48),K Lierse SK (15),1-1,1-0,FC Brussels (15)
?,(Sat) 3 Dec 2005 (48),KSC Lokeren OV (15),2-1,0-0,Cercle Brugge (16)
?,(Sat) 3 Dec 2005 (48),Sint-Truidense VV (16),3-6,1-2,Royal Excel Moeskroen (15)
?,(Sat) 3 Dec 2005 (48),Standard Liège (15),0-0,0-0,KSV Roeselare (15)
?,(Sat) 3 Dec 2005 (48),KVC Westerlo (15),2-2,2-1,SV Zulte Waregem (15)
?,(Sun) 4 Dec 2005 (48),KSK Beveren (15),0-2,0-0,KRC Genk (16)
?,(Fri) 9 Dec 2005 (49),Germinal Beerschot (16),2-1,1-1,KSC Lokeren OV (16)
?,(Sat) 10 Dec 2005 (49),Cercle Brugge (17),2-0,0-0,Sporting Charleroi (16)
?,(Sat) 10 Dec 2005 (49),FC Brussels (16),0-0,0-0,Sint-Truidense VV (17)
?,(Sat) 10 Dec 2005 (49),RAA Louviéroise (16),0-3,0-0,KVC Westerlo (16)
?,(Sat) 10 Dec 2005 (49),Royal Excel Moeskroen (16),1-3,1-0,KSK Beveren (16)
?,(Sat) 10 Dec 2005 (49),SV Zulte Waregem (16),1-2,1-1,RSC Anderlecht (16)
?,(Sun) 11 Dec 2005 (49),KRC Genk (17),2-2,1-0,Club Brugge (17)
?,(Sun) 11 Dec 2005 (49),KAA Gent (16),2-1,1-1,Standard Liège (16)
?,(Sun) 11 Dec 2005 (49),KSV Roeselare (16),2-0,1-0,K Lierse SK (16)
?,(Wed) 14 Dec 2005 (50),FC Brussels (17),1-0,1-0,KSV Roeselare (17)
?,(Wed) 14 Dec 2005 (50),KAA Gent (17),0-1,0-0,KVC Westerlo (17)
?,(Wed) 14 Dec 2005 (50),Germinal Beerschot (17),3-1,2-0,KSK Beveren (17)
?,(Wed) 14 Dec 2005 (50),RAA Louviéroise (17),1-1,1-0,KSC Lokeren OV (17)
?,(Wed) 14 Dec 2005 (50),Royal Excel Moeskroen (17),5-0,0-0,K Lierse SK (17)
?,(Wed) 14 Dec 2005 (50),Standard Liège (17),2-0,1-0,RSC Anderlecht (17)
?,(Wed) 14 Dec 2005 (50),SV Zulte Waregem (17),3-0,2-0,Sporting Charleroi (17)
?,(Sat) 17 Dec 2005 (50),Cercle Brugge (18),2-2,2-1,KVC Westerlo (18)
?,(Sat) 17 Dec 2005 (50),FC Brussels (18),3-1,1-1,KSK Beveren (18)
?,(Sat) 17 Dec 2005 (50),KRC Genk (18),2-2,0-2,KSC Lokeren OV (18)
?,(Sat) 17 Dec 2005 (50),Germinal Beerschot (18),0-1,0-0,Sporting Charleroi (18)
?,(Sat) 17 Dec 2005 (50),Royal Excel Moeskroen (18),0-1,0-1,Club Brugge (18)
?,(Sat) 17 Dec 2005 (50),KSV Roeselare (18),1-1,0-1,Sint-Truidense VV (18)
?,(Sun) 18 Dec 2005 (50),K Lierse SK (18),0-2,0-1,Standard Liège (18)
?,(Sun) 18 Dec 2005 (50),RAA Louviéroise (18),0-0,0-0,RSC Anderlecht (18)
?,(Sun) 18 Dec 2005 (50),SV Zulte Waregem (18),1-2,0-1,KAA Gent (18)
?,(Fri) 20 Jan 2006 (3),Club Brugge (19),3-0,1-0,FC Brussels (19)
?,(Sat) 21 Jan 2006 (3),RSC Anderlecht (19),2-2,0-0,Cercle Brugge (19)
?,(Sat) 21 Jan 2006 (3),KSK Beveren (19),1-1,1-1,KSV Roeselare (19)
?,(Sat) 21 Jan 2006 (3),KAA Gent (19),3-0,3-0,RAA Louviéroise (19)
?,(Sat) 21 Jan 2006 (3),KSC Lokeren OV (19),1-1,0-1,Royal Excel Moeskroen (19)
?,(Sat) 21 Jan 2006 (3),Sint-Truidense VV (19),1-1,1-0,K Lierse SK (19)
?,(Sat) 21 Jan 2006 (3),Standard Liège (19),1-2,0-0,SV Zulte Waregem (19)
?,(Sat) 21 Jan 2006 (3),KVC Westerlo (19),1-3,0-0,Germinal Beerschot (19)
?,(Sun) 22 Jan 2006 (3),Sporting Charleroi (19),2-1,2-0,KRC Genk (19)
?,(Fri) 27 Jan 2006 (4),Germinal Beerschot (20),2-0,1-0,RSC Anderlecht (20)
?,(Sat) 28 Jan 2006 (4),Cercle Brugge (20),1-2,0-1,KAA Gent (20)
?,(Sat) 28 Jan 2006 (4),FC Brussels (20),1-1,1-0,KSC Lokeren OV (20)
?,(Sat) 28 Jan 2006 (4),KRC Genk (20),2-0,2-0,KVC Westerlo (20)
?,(Sat) 28 Jan 2006 (4),K Lierse SK (20),2-0,1-0,KSK Beveren (20)
?,(Sat) 28 Jan 2006 (4),RAA Louviéroise (20),2-2,1-1,SV Zulte Waregem (20)
?,(Sat) 28 Jan 2006 (4),Royal Excel Moeskroen (20),0-1,0-1,Sporting Charleroi (20)
?,(Sat) 28 Jan 2006 (4),Sint-Truidense VV (20),0-0,0-0,Standard Liège (20)
?,(Sun) 29 Jan 2006 (4),KSV Roeselare (20),1-1,1-0,Club Brugge (20)
?,(Fri) 3 Feb 2006 (5),Club Brugge (21),3-1,1-0,K Lierse SK (21)
?,(Sat) 4 Feb 2006 (5),RSC Anderlecht (21),4-1,2-1,KRC Genk (21)
?,(Sat) 4 Feb 2006 (5),KSK Beveren (21),1-1,1-1,Sint-Truidense VV (21)
?,(Sat) 4 Feb 2006 (5),Sporting Charleroi (21),1-0,0-0,FC Brussels (21)
?,(Sat) 4 Feb 2006 (5),KAA Gent (21),2-1,2-1,Germinal Beerschot (21)
?,(Sat) 4 Feb 2006 (5),KSC Lokeren OV (21),2-2,0-2,KSV Roeselare (21)
?,(Sat) 4 Feb 2006 (5),SV Zulte Waregem (21),3-1,0-0,Cercle Brugge (21)
?,(Sat) 4 Feb 2006 (5),KVC Westerlo (21),0-5,0-1,Royal Excel Moeskroen (21)
?,(Sat) 11 Feb 2006 (6),KSK Beveren (22),0-2,0-0,Standard Liège (21)
?,(Sat) 11 Feb 2006 (6),Cercle Brugge (22),1-0,1-0,RAA Louviéroise (21)
?,(Sat) 11 Feb 2006 (6),Germinal Beerschot (22),2-0,2-0,SV Zulte Waregem (22)
?,(Sat) 11 Feb 2006 (6),K Lierse SK (22),2-0,2-0,KSC Lokeren OV (22)
?,(Sat) 11 Feb 2006 (6),Royal Excel Moeskroen (22),0-1,0-0,RSC Anderlecht (22)
?,(Sat) 11 Feb 2006 (6),Sint-Truidense VV (22),2-2,0-1,Club Brugge (22)
?,(Sun) 12 Feb 2006 (6),KRC Genk (22),2-1,1-0,KAA Gent (22)
?,(Fri) 17 Feb 2006 (7),RSC Anderlecht (23),2-0,1-0,FC Brussels (22)
?,(Sat) 18 Feb 2006 (7),Sporting Charleroi (22),0-1,0-1,K Lierse SK (23)
?,(Sat) 18 Feb 2006 (7),KAA Gent (23),0-0,0-0,Royal Excel Moeskroen (23)
?,(Sat) 18 Feb 2006 (7),KSC Lokeren OV (23),1-2,1-1,Sint-Truidense VV (23)
?,(Sat) 18 Feb 2006 (7),Standard Liège (22),7-1,4-0,Cercle Brugge (23)
?,(Sat) 18 Feb 2006 (7),SV Zulte Waregem (23),1-0,1-0,KRC Genk (23)
?,(Sat) 18 Feb 2006 (7),KVC Westerlo (22),3-2,1-1,KSV Roeselare (22)
?,(Sun) 19 Feb 2006 (7),Club Brugge (23),1-0,1-0,KSK Beveren (23)
?,(Sun) 19 Feb 2006 (7),RAA Louviéroise (22),1-1,0-0,Germinal Beerschot (23)
?,(Tue) 21 Feb 2006 (8),KSV Roeselare (23),2-0,0-0,Sporting Charleroi (23)
?,(Wed) 22 Feb 2006 (8),FC Brussels (23),1-0,0-0,KVC Westerlo (23)
?,(Wed) 22 Feb 2006 (8),Standard Liège (23),1-1,0-0,RAA Louviéroise (23)
?,(Fri) 24 Feb 2006 (8),KSV Roeselare (24),0-2,0-0,RSC Anderlecht (24)
?,(Sat) 25 Feb 2006 (8),KSK Beveren (24),1-3,1-2,KSC Lokeren OV (24)
?,(Sat) 25 Feb 2006 (8),KRC Genk (24),1-0,0-0,RAA Louviéroise (24)
?,(Sat) 25 Feb 2006 (8),Germinal Beerschot (24),0-0,0-0,Cercle Brugge (24)
?,(Sat) 25 Feb 2006 (8),K Lierse SK (24),2-1,1-1,KVC Westerlo (24)
?,(Sat) 25 Feb 2006 (8),Royal Excel Moeskroen (24),0-1,0-0,SV Zulte Waregem (24)
?,(Sat) 25 Feb 2006 (8),Sint-Truidense VV (24),1-1,0-0,Sporting Charleroi (24)
?,(Sun) 26 Feb 2006 (8),Club Brugge (24),1-1,1-1,Standard Liège (24)
?,(Sun) 26 Feb 2006 (8),FC Brussels (24),0-1,0-1,KAA Gent (24)
?,(Fri) 3 Mar 2006 (9),Sporting Charleroi (25),4-0,2-0,KSK Beveren (25)
?,(Sat) 4 Mar 2006 (9),Cercle Brugge (25),1-1,0-0,KRC Genk (25)
?,(Sat) 4 Mar 2006 (9),KAA Gent (25),1-2,1-1,KSV Roeselare (25)
?,(Sat) 4 Mar 2006 (9),KSC Lokeren OV (25),2-0,1-0,Club Brugge (25)
?,(Sat) 4 Mar 2006 (9),RAA Louviéroise (25),0-0,0-0,Royal Excel Moeskroen (25)
?,(Sat) 4 Mar 2006 (9),SV Zulte Waregem (25),0-0,0-0,FC Brussels (25)
?,(Sat) 4 Mar 2006 (9),KVC Westerlo (25),2-1,0-1,Sint-Truidense VV (25)
?,(Sun) 5 Mar 2006 (9),RSC Anderlecht (25),3-0,0-0,K Lierse SK (25)
?,(Sun) 5 Mar 2006 (9),Standard Liège (25),3-1,2-0,Germinal Beerschot (25)
?,(Fri) 10 Mar 2006 (10),Sint-Truidense VV (26),3-0,0-0,RSC Anderlecht (26)
?,(Sat) 11 Mar 2006 (10),KSK Beveren (26),4-1,1-0,KVC Westerlo (26)
?,(Sat) 11 Mar 2006 (10),Club Brugge (26),2-1,1-1,Sporting Charleroi (26)
?,(Sat) 11 Mar 2006 (10),FC Brussels (26),0-0,0-0,RAA Louviéroise (26)
?,(Sat) 11 Mar 2006 (10),KRC Genk (26),1-0,0-0,Germinal Beerschot (26)
?,(Sat) 11 Mar 2006 (10),K Lierse SK (26),1-3,1-1,KAA Gent (26)
?,(Sat) 11 Mar 2006 (10),Royal Excel Moeskroen (26),6-0,2-0,Cercle Brugge (26)
?,(Sat) 11 Mar 2006 (10),KSV Roeselare (26),0-3,0-1,SV Zulte Waregem (26)
?,(Sun) 12 Mar 2006 (10),KSC Lokeren OV (26),0-0,0-0,Standard Liège (26)
?,(Fri) 17 Mar 2006 (11),Standard Liège (27),1-0,1-0,KRC Genk (27)
?,(Fri) 17 Mar 2006 (11),SV Zulte Waregem (27),0-1,0-1,K Lierse SK (27)
?,(Sat) 18 Mar 2006 (11),RSC Anderlecht (27),4-0,2-0,KSK Beveren (27)
?,(Sat) 18 Mar 2006 (11),Cercle Brugge (27),0-1,0-1,FC Brussels (27)
?,(Sat) 18 Mar 2006 (11),Sporting Charleroi (27),3-1,1-1,KSC Lokeren OV (27)
?,(Sat) 18 Mar 2006 (11),Germinal Beerschot (27),1-0,1-0,Royal Excel Moeskroen (27)
?,(Sat) 18 Mar 2006 (11),RAA Louviéroise (27),0-0,0-0,KSV Roeselare (27)
?,(Sat) 18 Mar 2006 (11),KVC Westerlo (27),0-0,0-0,Club Brugge (27)
?,(Sun) 19 Mar 2006 (11),KAA Gent (27),1-0,1-0,Sint-Truidense VV (27)
?,(Fri) 24 Mar 2006 (12),Sporting Charleroi (28),0-0,0-0,Standard Liège (28)
?,(Sat) 25 Mar 2006 (12),KSK Beveren (28),0-1,0-0,KAA Gent (28)
?,(Sat) 25 Mar 2006 (12),FC Brussels (28),0-1,0-0,Germinal Beerschot (28)
?,(Sat) 25 Mar 2006 (12),K Lierse SK (28),0-0,0-0,RAA Louviéroise (28)
?,(Sat) 25 Mar 2006 (12),KSC Lokeren OV (28),3-2,3-1,KVC Westerlo (28)
?,(Sat) 25 Mar 2006 (12),Sint-Truidense VV (28),2-0,1-0,SV Zulte Waregem (28)
?,(Sun) 26 Mar 2006 (12),Club Brugge (28),0-2,0-1,RSC Anderlecht (28)
?,(Sun) 26 Mar 2006 (12),Royal Excel Moeskroen (28),1-0,1-0,KRC Genk (28)
?,(Sun) 26 Mar 2006 (12),KSV Roeselare (28),1-0,1-0,Cercle Brugge (28)
?,(Fri) 31 Mar 2006 (13),RSC Anderlecht (29),1-1,1-1,KSC Lokeren OV (29)
?,(Sat) 1 Apr 2006 (13),Cercle Brugge (29),3-0,1-0,K Lierse SK (29)
?,(Sat) 1 Apr 2006 (13),KRC Genk (29),1-0,0-0,FC Brussels (29)
?,(Sat) 1 Apr 2006 (13),KAA Gent (29),4-1,1-0,Club Brugge (29)
?,(Sat) 1 Apr 2006 (13),Germinal Beerschot (29),2-2,1-1,KSV Roeselare (29)
?,(Sat) 1 Apr 2006 (13),RAA Louviéroise (29),0-2,0-0,Sint-Truidense VV (29)
?,(Sat) 1 Apr 2006 (13),Standard Liège (29),2-1,2-0,Royal Excel Moeskroen (29)
?,(Sat) 1 Apr 2006 (13),SV Zulte Waregem (29),2-2,0-0,KSK Beveren (29)
?,(Sun) 2 Apr 2006 (13),KVC Westerlo (29),1-1,0-0,Sporting Charleroi (29)
?,(Fri) 7 Apr 2006 (14),Sporting Charleroi (30),1-1,0-1,RSC Anderlecht (30)
?,(Fri) 7 Apr 2006 (14),Club Brugge (30),2-1,1-1,SV Zulte Waregem (30)
?,(Sat) 8 Apr 2006 (14),KSK Beveren (30),1-0,0-0,RAA Louviéroise (30)
?,(Sat) 8 Apr 2006 (14),FC Brussels (30),0-1,0-1,Royal Excel Moeskroen (30)
?,(Sat) 8 Apr 2006 (14),K Lierse SK (30),0-2,0-1,Germinal Beerschot (30)
?,(Sat) 8 Apr 2006 (14),KSC Lokeren OV (30),1-2,0-1,KAA Gent (30)
?,(Sat) 8 Apr 2006 (14),Sint-Truidense VV (30),1-1,1-0,Cercle Brugge (30)
?,(Sat) 8 Apr 2006 (14),KVC Westerlo (30),0-2,0-1,Standard Liège (30)
?,(Sun) 9 Apr 2006 (14),KSV Roeselare (30),1-2,0-0,KRC Genk (30)
?,(Fri) 14 Apr 2006 (15),RSC Anderlecht (31),5-0,0-0,KVC Westerlo (31)
?,(Sat) 15 Apr 2006 (15),Cercle Brugge (31),1-1,1-1,KSK Beveren (31)
?,(Sat) 15 Apr 2006 (15),KRC Genk (31),1-0,0-0,K Lierse SK (31)
?,(Sat) 15 Apr 2006 (15),KAA Gent (31),2-2,1-1,Sporting Charleroi (31)
?,(Sat) 15 Apr 2006 (15),Germinal Beerschot (31),4-0,0-0,Sint-Truidense VV (31)
?,(Sat) 15 Apr 2006 (15),Royal Excel Moeskroen (31),0-1,0-1,KSV Roeselare (31)
?,(Sun) 16 Apr 2006 (15),RAA Louviéroise (31),0-1,0-1,Club Brugge (31)
?,(Sun) 16 Apr 2006 (15),Standard Liège (31),1-0,1-0,FC Brussels (31)
?,(Sun) 16 Apr 2006 (15),SV Zulte Waregem (31),1-1,0-1,KSC Lokeren OV (31)
?,(Fri) 21 Apr 2006 (16),RSC Anderlecht (32),2-0,1-0,Standard Liège (32)
?,(Sat) 22 Apr 2006 (16),KSK Beveren (32),0-0,0-0,Germinal Beerschot (32)
?,(Sat) 22 Apr 2006 (16),Sporting Charleroi (32),2-0,1-0,SV Zulte Waregem (32)
?,(Sat) 22 Apr 2006 (16),K Lierse SK (32),2-0,2-0,Royal Excel Moeskroen (32)
?,(Sat) 22 Apr 2006 (16),KSC Lokeren OV (32),3-2,2-2,RAA Louviéroise (32)
?,(Sat) 22 Apr 2006 (16),KSV Roeselare (32),0-1,0-1,FC Brussels (32)
?,(Sat) 22 Apr 2006 (16),Sint-Truidense VV (32),2-2,1-1,KRC Genk (32)
?,(Sun) 23 Apr 2006 (16),Club Brugge (32),2-0,0-0,Cercle Brugge (32)
?,(Sun) 23 Apr 2006 (16),KVC Westerlo (32),0-1,0-1,KAA Gent (32)
?,(Sun) 30 Apr 2006 (17),Cercle Brugge (33),2-0,0-0,KSC Lokeren OV (33)
?,(Sun) 30 Apr 2006 (17),FC Brussels (33),2-1,1-0,K Lierse SK (33)
?,(Sun) 30 Apr 2006 (17),KRC Genk (33),2-0,0-0,KSK Beveren (33)
?,(Sun) 30 Apr 2006 (17),KAA Gent (33),0-0,0-0,RSC Anderlecht (33)
?,(Sun) 30 Apr 2006 (17),Germinal Beerschot (33),1-1,0-0,Club Brugge (33)
?,(Sun) 30 Apr 2006 (17),RAA Louviéroise (33),2-2,2-0,Sporting Charleroi (33)
?,(Sun) 30 Apr 2006 (17),Royal Excel Moeskroen (33),3-0,0-0,Sint-Truidense VV (33)
?,(Sun) 30 Apr 2006 (17),KSV Roeselare (33),0-0,0-0,Standard Liège (33)
?,(Sun) 30 Apr 2006 (17),SV Zulte Waregem (33),1-2,1-1,KVC Westerlo (33)
?,(Fri) 5 May 2006 (18),RSC Anderlecht (34),3-0,1-0,SV Zulte Waregem (34)
?,(Fri) 5 May 2006 (18),KSK Beveren (34),1-0,0-0,Royal Excel Moeskroen (34)
?,(Fri) 5 May 2006 (18),Sporting Charleroi (34),0-1,0-0,Cercle Brugge (34)
?,(Fri) 5 May 2006 (18),Club Brugge (34),3-0,1-0,KRC Genk (34)
?,(Fri) 5 May 2006 (18),K Lierse SK (34),1-0,1-0,KSV Roeselare (34)
?,(Fri) 5 May 2006 (18),KSC Lokeren OV (34),1-2,0-1,Germinal Beerschot (34)
?,(Fri) 5 May 2006 (18),Sint-Truidense VV (34),0-1,0-1,FC Brussels (34)
?,(Fri) 5 May 2006 (18),Standard Liège (34),0-2,0-2,KAA Gent (34)
?,(Fri) 5 May 2006 (18),KVC Westerlo (34),2-1,1-0,RAA Louviéroise (34)
