Round,Date,Team 1,FT,HT,Team 2
?,(Sat) 16 Aug 2008 (32),Cercle Brugge (1),0-3,0-1,RSC Anderlecht (1)
?,(Sat) 16 Aug 2008 (32),FCV Dender EH (1),1-3,0-1,Standard Liège (1)
?,(Sat) 16 Aug 2008 (32),KSV Roeselare (1),2-2,1-1,KV Kortrijk (1)
?,(Sat) 16 Aug 2008 (32),AFC Tubize (1),1-2,0-1,Royal Excel Moeskroen (1)
?,(Sat) 16 Aug 2008 (32),SV Zulte Waregem (1),0-0,0-0,KSC Lokeren OV (1)
?,(Sat) 16 Aug 2008 (32),KVC Westerlo (1),1-0,1-0,Sporting Charleroi (1)
?,(Sun) 17 Aug 2008 (32),KRC Genk (1),1-1,1-0,Germinal Beerschot (1)
?,(Sun) 17 Aug 2008 (32),KAA Gent (1),5-0,3-0,RAEC Mons (1)
?,(Sat) 23 Aug 2008 (33),RSC Anderlecht (2),2-2,2-2,KAA Gent (2)
?,(Sat) 23 Aug 2008 (33),Sporting Charleroi (2),1-0,0-0,KSV Roeselare (2)
?,(Sat) 23 Aug 2008 (33),Germinal Beerschot (2),1-1,1-1,FCV Dender EH (2)
?,(Sat) 23 Aug 2008 (33),KV Kortrijk (2),2-1,1-0,Cercle Brugge (2)
?,(Sat) 23 Aug 2008 (33),KSC Lokeren OV (2),4-1,2-0,AFC Tubize (2)
?,(Sat) 23 Aug 2008 (33),Royal Excel Moeskroen (2),3-1,1-1,KV Mechelen (1)
?,(Sat) 23 Aug 2008 (33),Standard Liège (2),3-0,2-0,KVC Westerlo (2)
?,(Sun) 24 Aug 2008 (33),RAEC Mons (2),3-1,2-0,KRC Genk (2)
?,(Fri) 29 Aug 2008 (34),AFC Tubize (3),1-4,0-3,Club Brugge (1)
?,(Sat) 30 Aug 2008 (34),RSC Anderlecht (3),4-0,2-0,KV Kortrijk (3)
?,(Sat) 30 Aug 2008 (34),Cercle Brugge (3),2-1,1-0,RAEC Mons (3)
?,(Sat) 30 Aug 2008 (34),FCV Dender EH (3),1-2,0-1,Royal Excel Moeskroen (3)
?,(Sat) 30 Aug 2008 (34),KRC Genk (3),1-0,0-0,KSC Lokeren OV (3)
?,(Sat) 30 Aug 2008 (34),KV Mechelen (2),0-2,0-0,SV Zulte Waregem (2)
?,(Sat) 30 Aug 2008 (34),KVC Westerlo (3),1-0,0-0,Germinal Beerschot (3)
?,(Sun) 31 Aug 2008 (34),KAA Gent (3),2-0,1-0,Sporting Charleroi (3)
?,(Sun) 31 Aug 2008 (34),KSV Roeselare (3),1-1,0-1,Standard Liège (3)
?,(Sat) 13 Sep 2008 (36),RAEC Mons (4),1-2,1-1,RSC Anderlecht (4)
?,(Sat) 13 Sep 2008 (36),Club Brugge (2),1-1,0-1,FCV Dender EH (4)
?,(Sat) 13 Sep 2008 (36),Germinal Beerschot (4),3-0,0-0,KSV Roeselare (4)
?,(Sat) 13 Sep 2008 (36),KSC Lokeren OV (4),1-1,1-0,KVC Westerlo (4)
?,(Sat) 13 Sep 2008 (36),KV Mechelen (3),0-0,0-0,AFC Tubize (4)
?,(Sat) 13 Sep 2008 (36),Royal Excel Moeskroen (4),4-2,3-0,KAA Gent (4)
?,(Sat) 13 Sep 2008 (36),Standard Liège (4),2-0,1-0,KV Kortrijk (4)
?,(Sun) 14 Sep 2008 (36),Sporting Charleroi (4),3-2,2-2,Cercle Brugge (4)
?,(Sun) 14 Sep 2008 (36),SV Zulte Waregem (3),1-3,1-1,KRC Genk (4)
?,(Fri) 19 Sep 2008 (37),RSC Anderlecht (5),2-0,0-0,Sporting Charleroi (5)
?,(Sat) 20 Sep 2008 (37),Cercle Brugge (5),1-0,1-0,Germinal Beerschot (5)
?,(Sat) 20 Sep 2008 (37),FCV Dender EH (5),2-0,1-0,SV Zulte Waregem (4)
?,(Sat) 20 Sep 2008 (37),KAA Gent (5),1-2,1-1,KV Mechelen (4)
?,(Sat) 20 Sep 2008 (37),KV Kortrijk (5),1-0,1-0,RAEC Mons (5)
?,(Sat) 20 Sep 2008 (37),KSV Roeselare (5),0-1,0-0,KSC Lokeren OV (5)
?,(Sat) 20 Sep 2008 (37),KVC Westerlo (5),0-0,0-0,Royal Excel Moeskroen (5)
?,(Sun) 21 Sep 2008 (37),KRC Genk (5),0-1,0-0,Club Brugge (3)
?,(Sun) 21 Sep 2008 (37),AFC Tubize (5),0-1,0-1,Standard Liège (5)
?,(Wed) 24 Sep 2008 (38),KV Mechelen (5),1-1,0-1,Club Brugge (4)
?,(Fri) 26 Sep 2008 (38),Standard Liège (6),2-1,0-0,RSC Anderlecht (6)
?,(Sat) 27 Sep 2008 (38),RAEC Mons (6),2-0,1-0,KSV Roeselare (6)
?,(Sat) 27 Sep 2008 (38),Sporting Charleroi (6),1-2,0-0,KV Kortrijk (6)
?,(Sat) 27 Sep 2008 (38),Club Brugge (5),2-0,1-0,KVC Westerlo (6)
?,(Sat) 27 Sep 2008 (38),KSC Lokeren OV (6),1-1,1-1,Cercle Brugge (6)
?,(Sat) 27 Sep 2008 (38),SV Zulte Waregem (5),1-0,0-0,AFC Tubize (6)
?,(Sun) 28 Sep 2008 (38),Germinal Beerschot (6),2-2,1-0,KAA Gent (6)
?,(Sun) 28 Sep 2008 (38),Royal Excel Moeskroen (6),1-2,1-0,KRC Genk (6)
?,(Mon) 29 Sep 2008 (39),KV Mechelen (6),4-1,4-0,FCV Dender EH (6)
?,(Fri) 3 Oct 2008 (39),RSC Anderlecht (7),2-1,1-0,Royal Excel Moeskroen (7)
?,(Sat) 4 Oct 2008 (39),RAEC Mons (7),1-1,0-0,Sporting Charleroi (7)
?,(Sat) 4 Oct 2008 (39),KRC Genk (7),2-1,2-1,KV Mechelen (7)
?,(Sat) 4 Oct 2008 (39),KAA Gent (7),1-1,0-1,KSC Lokeren OV (7)
?,(Sat) 4 Oct 2008 (39),KV Kortrijk (7),0-0,0-0,Germinal Beerschot (7)
?,(Sat) 4 Oct 2008 (39),AFC Tubize (7),2-1,1-0,FCV Dender EH (7)
?,(Sat) 4 Oct 2008 (39),KVC Westerlo (7),3-2,1-1,SV Zulte Waregem (6)
?,(Sun) 5 Oct 2008 (39),Cercle Brugge (7),4-1,1-0,Standard Liège (7)
?,(Sun) 5 Oct 2008 (39),KSV Roeselare (7),0-1,0-0,Club Brugge (6)
?,(Sat) 18 Oct 2008 (41),FCV Dender EH (8),2-4,1-1,KRC Genk (8)
?,(Sat) 18 Oct 2008 (41),Germinal Beerschot (8),1-2,1-2,Sporting Charleroi (8)
?,(Sat) 18 Oct 2008 (41),KSC Lokeren OV (8),2-0,1-0,KV Kortrijk (8)
?,(Sat) 18 Oct 2008 (41),KV Mechelen (8),1-3,0-1,KVC Westerlo (8)
?,(Sat) 18 Oct 2008 (41),Royal Excel Moeskroen (8),2-0,0-0,KSV Roeselare (8)
?,(Sat) 18 Oct 2008 (41),Standard Liège (8),2-1,1-0,RAEC Mons (8)
?,(Sat) 18 Oct 2008 (41),AFC Tubize (8),0-1,0-0,KAA Gent (8)
?,(Sun) 19 Oct 2008 (41),Club Brugge (7),3-1,1-1,Cercle Brugge (8)
?,(Sun) 19 Oct 2008 (41),SV Zulte Waregem (7),4-0,1-0,RSC Anderlecht (8)
?,(Fri) 24 Oct 2008 (42),KV Kortrijk (9),2-2,1-1,Royal Excel Moeskroen (9)
?,(Sat) 25 Oct 2008 (42),RSC Anderlecht (9),7-1,4-1,KV Mechelen (9)
?,(Sat) 25 Oct 2008 (42),RAEC Mons (9),0-0,0-0,Germinal Beerschot (9)
?,(Sat) 25 Oct 2008 (42),Cercle Brugge (9),1-2,1-1,FCV Dender EH (9)
?,(Sat) 25 Oct 2008 (42),Sporting Charleroi (9),1-1,1-1,KSC Lokeren OV (9)
?,(Sat) 25 Oct 2008 (42),KSV Roeselare (9),0-3,0-1,SV Zulte Waregem (8)
?,(Sat) 25 Oct 2008 (42),KVC Westerlo (9),4-1,2-0,AFC Tubize (9)
?,(Sun) 26 Oct 2008 (42),KRC Genk (9),0-0,0-0,Standard Liège (9)
?,(Sun) 26 Oct 2008 (42),KAA Gent (9),3-0,0-0,Club Brugge (8)
?,(Wed) 29 Oct 2008 (43),Club Brugge (9),2-0,0-0,SV Zulte Waregem (9)
?,(Fri) 31 Oct 2008 (43),Standard Liège (10),1-2,1-1,Sporting Charleroi (10)
?,(Sat) 1 Nov 2008 (43),Club Brugge (10),4-1,2-1,KV Kortrijk (10)
?,(Sat) 1 Nov 2008 (43),FCV Dender EH (10),2-2,0-1,KVC Westerlo (10)
?,(Sat) 1 Nov 2008 (43),KSC Lokeren OV (10),0-0,0-0,RAEC Mons (10)
?,(Sat) 1 Nov 2008 (43),KV Mechelen (10),1-2,0-0,KSV Roeselare (10)
?,(Sat) 1 Nov 2008 (43),Royal Excel Moeskroen (10),0-1,0-0,Cercle Brugge (10)
?,(Sat) 1 Nov 2008 (43),AFC Tubize (10),1-3,0-1,KRC Genk (10)
?,(Sun) 2 Nov 2008 (43),Germinal Beerschot (10),1-3,1-0,RSC Anderlecht (10)
?,(Sun) 2 Nov 2008 (43),SV Zulte Waregem (10),0-2,0-0,KAA Gent (10)
?,(Fri) 7 Nov 2008 (44),Cercle Brugge (11),2-0,0-0,SV Zulte Waregem (11)
?,(Sat) 8 Nov 2008 (44),RSC Anderlecht (11),2-3,0-2,KSC Lokeren OV (11)
?,(Sat) 8 Nov 2008 (44),RAEC Mons (11),0-0,0-0,Royal Excel Moeskroen (11)
?,(Sat) 8 Nov 2008 (44),KAA Gent (11),1-1,1-0,FCV Dender EH (11)
?,(Sat) 8 Nov 2008 (44),KV Kortrijk (11),0-0,0-0,KV Mechelen (11)
?,(Sat) 8 Nov 2008 (44),KSV Roeselare (11),1-2,1-1,AFC Tubize (11)
?,(Sat) 8 Nov 2008 (44),KVC Westerlo (11),1-0,0-0,KRC Genk (11)
?,(Sun) 9 Nov 2008 (44),Sporting Charleroi (11),2-2,0-0,Club Brugge (11)
?,(Sun) 9 Nov 2008 (44),Germinal Beerschot (11),1-3,1-1,Standard Liège (11)
?,(Fri) 14 Nov 2008 (45),KVC Westerlo (12),3-2,2-1,KAA Gent (12)
?,(Sat) 15 Nov 2008 (45),FCV Dender EH (12),1-0,0-0,KV Kortrijk (12)
?,(Sat) 15 Nov 2008 (45),KRC Genk (12),1-1,0-0,KSV Roeselare (12)
?,(Sat) 15 Nov 2008 (45),KV Mechelen (12),0-0,0-0,RAEC Mons (12)
?,(Sat) 15 Nov 2008 (45),Royal Excel Moeskroen (12),2-1,2-0,Sporting Charleroi (12)
?,(Sat) 15 Nov 2008 (45),AFC Tubize (12),3-0,1-0,Cercle Brugge (12)
?,(Sat) 15 Nov 2008 (45),SV Zulte Waregem (12),2-2,0-2,Germinal Beerschot (12)
?,(Sun) 16 Nov 2008 (45),Club Brugge (12),1-1,1-0,RSC Anderlecht (12)
?,(Sun) 16 Nov 2008 (45),KSC Lokeren OV (12),1-1,0-0,Standard Liège (12)
?,(Sat) 22 Nov 2008 (46),RSC Anderlecht (13),2-0,1-0,KVC Westerlo (13)
?,(Sat) 22 Nov 2008 (46),RAEC Mons (13),1-2,1-0,Club Brugge (13)
?,(Sat) 22 Nov 2008 (46),Cercle Brugge (13),2-1,1-1,KV Mechelen (13)
?,(Sat) 22 Nov 2008 (46),Sporting Charleroi (13),3-2,0-2,AFC Tubize (13)
?,(Sat) 22 Nov 2008 (46),Germinal Beerschot (13),0-2,0-0,KSC Lokeren OV (13)
?,(Sat) 22 Nov 2008 (46),KSV Roeselare (13),2-2,1-1,FCV Dender EH (13)
?,(Sat) 22 Nov 2008 (46),Standard Liège (13),3-1,1-0,Royal Excel Moeskroen (13)
?,(Sun) 23 Nov 2008 (46),KAA Gent (13),2-3,0-1,KRC Genk (13)
?,(Fri) 28 Nov 2008 (47),FCV Dender EH (14),0-2,0-1,RSC Anderlecht (14)
?,(Sat) 29 Nov 2008 (47),KRC Genk (14),3-2,2-1,Cercle Brugge (14)
?,(Sat) 29 Nov 2008 (47),KAA Gent (14),4-0,2-0,KSV Roeselare (14)
?,(Sat) 29 Nov 2008 (47),Royal Excel Moeskroen (14),2-0,1-0,KSC Lokeren OV (14)
?,(Sat) 29 Nov 2008 (47),AFC Tubize (14),3-3,1-1,KV Kortrijk (13)
?,(Sat) 29 Nov 2008 (47),SV Zulte Waregem (13),4-2,3-1,Sporting Charleroi (14)
?,(Sat) 29 Nov 2008 (47),KVC Westerlo (14),2-1,1-0,RAEC Mons (14)
?,(Sun) 30 Nov 2008 (47),Club Brugge (14),3-0,2-0,Germinal Beerschot (14)
?,(Sun) 30 Nov 2008 (47),KV Mechelen (14),0-0,0-0,Standard Liège (14)
?,(Fri) 5 Dec 2008 (48),Cercle Brugge (15),3-1,0-0,KAA Gent (15)
?,(Sat) 6 Dec 2008 (48),RSC Anderlecht (15),5-1,3-0,AFC Tubize (15)
?,(Sat) 6 Dec 2008 (48),RAEC Mons (15),5-2,2-1,FCV Dender EH (15)
?,(Sat) 6 Dec 2008 (48),Sporting Charleroi (15),1-2,1-1,KV Mechelen (15)
?,(Sat) 6 Dec 2008 (48),Germinal Beerschot (15),3-0,1-0,Royal Excel Moeskroen (15)
?,(Sat) 6 Dec 2008 (48),KSV Roeselare (15),1-0,0-0,KVC Westerlo (15)
?,(Sat) 6 Dec 2008 (48),Standard Liège (15),1-2,1-0,SV Zulte Waregem (14)
?,(Sun) 7 Dec 2008 (48),KV Kortrijk (14),3-1,0-0,KRC Genk (15)
?,(Sun) 7 Dec 2008 (48),KSC Lokeren OV (15),2-0,1-0,Club Brugge (15)
?,(Fri) 12 Dec 2008 (49),KV Mechelen (16),2-1,0-0,Germinal Beerschot (16)
?,(Sat) 13 Dec 2008 (49),FCV Dender EH (16),1-1,1-1,KSC Lokeren OV (16)
?,(Sat) 13 Dec 2008 (49),KRC Genk (16),1-0,0-0,Sporting Charleroi (16)
?,(Sat) 13 Dec 2008 (49),KAA Gent (16),1-1,1-1,KV Kortrijk (15)
?,(Sat) 13 Dec 2008 (49),AFC Tubize (16),2-1,0-0,RAEC Mons (16)
?,(Sat) 13 Dec 2008 (49),SV Zulte Waregem (15),2-1,1-1,Royal Excel Moeskroen (16)
?,(Sat) 13 Dec 2008 (49),KVC Westerlo (16),1-2,0-0,Cercle Brugge (16)
?,(Sun) 14 Dec 2008 (49),Club Brugge (16),1-4,0-3,Standard Liège (16)
?,(Sun) 14 Dec 2008 (49),KSV Roeselare (16),0-3,0-0,RSC Anderlecht (16)
?,(Tue) 16 Dec 2008 (50),KV Kortrijk (16),1-0,1-0,SV Zulte Waregem (16)
?,(Fri) 19 Dec 2008 (50),RSC Anderlecht (17),2-0,1-0,KRC Genk (17)
?,(Sat) 20 Dec 2008 (50),RAEC Mons (17),2-2,1-1,SV Zulte Waregem (17)
?,(Sat) 20 Dec 2008 (50),Cercle Brugge (17),4-3,3-0,KSV Roeselare (17)
?,(Sat) 20 Dec 2008 (50),Sporting Charleroi (17),2-0,1-0,FCV Dender EH (17)
?,(Sat) 20 Dec 2008 (50),Germinal Beerschot (17),2-0,1-0,AFC Tubize (17)
?,(Sat) 20 Dec 2008 (50),KSC Lokeren OV (17),2-2,1-0,KV Mechelen (17)
?,(Sat) 20 Dec 2008 (50),Royal Excel Moeskroen (17),5-1,3-1,Club Brugge (17)
?,(Sun) 21 Dec 2008 (50),KV Kortrijk (17),0-0,0-0,KVC Westerlo (17)
?,(Sun) 21 Dec 2008 (50),Standard Liège (17),2-1,1-0,KAA Gent (17)
?,(Fri) 16 Jan 2009 (2),RSC Anderlecht (18),1-2,1-1,Cercle Brugge (18)
?,(Sat) 17 Jan 2009 (2),RAEC Mons (18),1-2,1-1,KAA Gent (18)
?,(Sat) 17 Jan 2009 (2),Club Brugge (18),3-0,1-0,KV Mechelen (18)
?,(Sat) 17 Jan 2009 (2),KV Kortrijk (18),2-1,2-0,KSV Roeselare (18)
?,(Sat) 17 Jan 2009 (2),KSC Lokeren OV (18),2-1,1-0,SV Zulte Waregem (18)
?,(Sat) 17 Jan 2009 (2),Royal Excel Moeskroen (18),1-1,0-1,AFC Tubize (18)
?,(Sat) 17 Jan 2009 (2),Standard Liège (18),3-2,2-2,FCV Dender EH (18)
?,(Sun) 18 Jan 2009 (2),Sporting Charleroi (18),1-2,0-1,KVC Westerlo (18)
?,(Sun) 18 Jan 2009 (2),Germinal Beerschot (18),4-1,1-0,KRC Genk (18)
?,(Sat) 24 Jan 2009 (3),Cercle Brugge (19),0-1,0-1,KV Kortrijk (19)
?,(Sat) 24 Jan 2009 (3),FCV Dender EH (19),0-1,0-0,Germinal Beerschot (19)
?,(Sat) 24 Jan 2009 (3),KRC Genk (19),2-0,1-0,RAEC Mons (19)
?,(Sat) 24 Jan 2009 (3),KV Mechelen (19),2-2,1-2,Royal Excel Moeskroen (19)
?,(Sat) 24 Jan 2009 (3),KSV Roeselare (19),3-1,2-1,Sporting Charleroi (19)
?,(Sat) 24 Jan 2009 (3),AFC Tubize (19),2-1,0-1,KSC Lokeren OV (19)
?,(Sun) 25 Jan 2009 (3),SV Zulte Waregem (19),3-1,1-0,Club Brugge (19)
?,(Sun) 25 Jan 2009 (3),KVC Westerlo (19),0-1,0-0,Standard Liège (19)
?,(Sat) 31 Jan 2009 (4),RAEC Mons (20),1-1,0-1,Cercle Brugge (20)
?,(Sat) 31 Jan 2009 (4),Club Brugge (20),3-1,1-0,AFC Tubize (20)
?,(Sat) 31 Jan 2009 (4),Germinal Beerschot (20),2-1,0-0,KVC Westerlo (20)
?,(Sat) 31 Jan 2009 (4),KV Kortrijk (20),1-3,1-0,RSC Anderlecht (19)
?,(Sat) 31 Jan 2009 (4),Royal Excel Moeskroen (20),0-2,0-0,FCV Dender EH (20)
?,(Sat) 31 Jan 2009 (4),Standard Liège (20),3-0,2-0,KSV Roeselare (20)
?,(Sat) 31 Jan 2009 (4),SV Zulte Waregem (20),1-1,0-0,KV Mechelen (20)
?,(Sun) 1 Feb 2009 (4),Sporting Charleroi (20),2-5,1-2,KAA Gent (19)
?,(Sun) 1 Feb 2009 (4),KSC Lokeren OV (20),1-2,1-0,KRC Genk (20)
?,(Fri) 6 Feb 2009 (5),KV Kortrijk (21),0-2,0-0,Standard Liège (21)
?,(Sat) 7 Feb 2009 (5),RSC Anderlecht (20),3-2,1-2,RAEC Mons (21)
?,(Sat) 7 Feb 2009 (5),FCV Dender EH (21),0-2,0-0,Club Brugge (21)
?,(Sat) 7 Feb 2009 (5),KRC Genk (21),1-2,0-2,SV Zulte Waregem (21)
?,(Sat) 7 Feb 2009 (5),KAA Gent (20),2-0,1-0,Royal Excel Moeskroen (21)
?,(Sat) 7 Feb 2009 (5),KSV Roeselare (21),2-2,2-2,Germinal Beerschot (21)
?,(Sat) 7 Feb 2009 (5),AFC Tubize (21),1-5,1-3,KV Mechelen (21)
?,(Sun) 8 Feb 2009 (5),Cercle Brugge (21),2-2,1-1,Sporting Charleroi (21)
?,(Sun) 8 Feb 2009 (5),KVC Westerlo (21),1-0,0-0,KSC Lokeren OV (21)
?,(Sat) 14 Feb 2009 (6),RAEC Mons (22),1-1,0-0,KV Kortrijk (22)
?,(Sat) 14 Feb 2009 (6),Germinal Beerschot (22),1-1,0-0,Cercle Brugge (22)
?,(Sat) 14 Feb 2009 (6),KSC Lokeren OV (22),2-1,0-1,KSV Roeselare (22)
?,(Sat) 14 Feb 2009 (6),KV Mechelen (22),3-3,1-2,KAA Gent (21)
?,(Sat) 14 Feb 2009 (6),Royal Excel Moeskroen (22),0-0,0-0,KVC Westerlo (22)
?,(Sat) 14 Feb 2009 (6),Standard Liège (22),4-0,2-0,AFC Tubize (22)
?,(Sat) 14 Feb 2009 (6),SV Zulte Waregem (22),1-0,0-0,FCV Dender EH (22)
?,(Sun) 15 Feb 2009 (6),Sporting Charleroi (22),0-1,0-0,RSC Anderlecht (21)
?,(Sun) 15 Feb 2009 (6),Club Brugge (22),0-2,0-1,KRC Genk (22)
?,(Wed) 18 Feb 2009 (7),KAA Gent (22),1-2,0-1,RSC Anderlecht (22)
?,(Fri) 20 Feb 2009 (7),KRC Genk (23),1-1,1-1,Royal Excel Moeskroen (23)
?,(Sat) 21 Feb 2009 (7),Cercle Brugge (23),0-0,0-0,KSC Lokeren OV (23)
?,(Sat) 21 Feb 2009 (7),FCV Dender EH (23),1-2,0-2,KV Mechelen (23)
?,(Sat) 21 Feb 2009 (7),KAA Gent (23),1-3,0-0,Germinal Beerschot (23)
?,(Sat) 21 Feb 2009 (7),KV Kortrijk (23),1-1,0-1,Sporting Charleroi (23)
?,(Sat) 21 Feb 2009 (7),KSV Roeselare (23),3-2,0-0,RAEC Mons (23)
?,(Sat) 21 Feb 2009 (7),AFC Tubize (23),0-6,0-2,SV Zulte Waregem (23)
?,(Sun) 22 Feb 2009 (7),RSC Anderlecht (23),4-2,1-1,Standard Liège (23)
?,(Sun) 22 Feb 2009 (7),KVC Westerlo (23),1-1,0-1,Club Brugge (23)
?,(Fri) 27 Feb 2009 (8),KV Mechelen (24),2-1,1-0,KRC Genk (24)
?,(Sat) 28 Feb 2009 (8),Sporting Charleroi (24),3-0,2-0,RAEC Mons (24)
?,(Sat) 28 Feb 2009 (8),Club Brugge (24),2-1,1-0,KSV Roeselare (24)
?,(Sat) 28 Feb 2009 (8),FCV Dender EH (24),4-0,2-0,AFC Tubize (24)
?,(Sat) 28 Feb 2009 (8),Germinal Beerschot (24),3-0,2-0,KV Kortrijk (24)
?,(Sat) 28 Feb 2009 (8),Royal Excel Moeskroen (24),1-1,0-0,RSC Anderlecht (24)
?,(Sat) 28 Feb 2009 (8),SV Zulte Waregem (24),1-1,1-1,KVC Westerlo (24)
?,(Sun) 1 Mar 2009 (8),KSC Lokeren OV (24),0-1,0-0,KAA Gent (24)
?,(Sun) 1 Mar 2009 (8),Standard Liège (24),4-0,2-0,Cercle Brugge (24)
?,(Fri) 6 Mar 2009 (9),RAEC Mons (25),0-1,0-0,Standard Liège (25)
?,(Sat) 7 Mar 2009 (9),RSC Anderlecht (25),2-0,2-0,SV Zulte Waregem (25)
?,(Sat) 7 Mar 2009 (9),Sporting Charleroi (25),0-0,0-0,Germinal Beerschot (25)
?,(Sat) 7 Mar 2009 (9),KRC Genk (25),4-3,1-0,FCV Dender EH (25)
?,(Sat) 7 Mar 2009 (9),KAA Gent (25),2-0,2-0,AFC Tubize (25)
?,(Sat) 7 Mar 2009 (9),KV Kortrijk (25),2-3,0-0,KSC Lokeren OV (25)
?,(Sat) 7 Mar 2009 (9),KSV Roeselare (25),2-0,1-0,Royal Excel Moeskroen (25)
?,(Sun) 8 Mar 2009 (9),Cercle Brugge (25),1-3,0-2,Club Brugge (25)
?,(Sun) 8 Mar 2009 (9),KVC Westerlo (25),0-1,0-1,KV Mechelen (25)
?,(Fri) 13 Mar 2009 (10),KV Mechelen (26),2-1,0-0,RSC Anderlecht (26)
?,(Sat) 14 Mar 2009 (10),FCV Dender EH (26),1-0,0-0,Cercle Brugge (26)
?,(Sat) 14 Mar 2009 (10),Germinal Beerschot (26),2-0,0-0,RAEC Mons (26)
?,(Sat) 14 Mar 2009 (10),KSC Lokeren OV (26),0-0,0-0,Sporting Charleroi (26)
?,(Sat) 14 Mar 2009 (10),Royal Excel Moeskroen (26),1-0,0-0,KV Kortrijk (26)
?,(Sat) 14 Mar 2009 (10),AFC Tubize (26),1-2,1-0,KVC Westerlo (26)
?,(Sat) 14 Mar 2009 (10),SV Zulte Waregem (26),0-0,0-0,KSV Roeselare (26)
?,(Sun) 15 Mar 2009 (10),Club Brugge (26),1-4,1-4,KAA Gent (26)
?,(Sun) 15 Mar 2009 (10),Standard Liège (26),2-0,1-0,KRC Genk (26)
?,(Fri) 20 Mar 2009 (11),KV Kortrijk (27),2-3,1-2,Club Brugge (27)
?,(Sat) 21 Mar 2009 (11),RSC Anderlecht (27),2-0,0-0,Germinal Beerschot (27)
?,(Sat) 21 Mar 2009 (11),RAEC Mons (27),0-2,0-0,KSC Lokeren OV (27)
?,(Sat) 21 Mar 2009 (11),Cercle Brugge (27),0-1,0-1,Royal Excel Moeskroen (27)
?,(Sat) 21 Mar 2009 (11),KRC Genk (27),3-0,3-0,AFC Tubize (27)
?,(Sat) 21 Mar 2009 (11),KSV Roeselare (27),1-0,0-0,KV Mechelen (27)
?,(Sat) 21 Mar 2009 (11),KVC Westerlo (27),3-1,1-1,FCV Dender EH (27)
?,(Sun) 22 Mar 2009 (11),Sporting Charleroi (27),1-0,1-0,Standard Liège (27)
?,(Sun) 22 Mar 2009 (11),KAA Gent (27),1-0,0-0,SV Zulte Waregem (27)
?,(Sat) 4 Apr 2009 (13),Club Brugge (28),2-1,1-0,Sporting Charleroi (28)
?,(Sat) 4 Apr 2009 (13),FCV Dender EH (28),1-1,1-1,KAA Gent (28)
?,(Sat) 4 Apr 2009 (13),KRC Genk (28),1-4,1-2,KVC Westerlo (28)
?,(Sat) 4 Apr 2009 (13),KV Mechelen (28),1-1,0-0,KV Kortrijk (28)
?,(Sat) 4 Apr 2009 (13),Royal Excel Moeskroen (28),3-2,2-1,RAEC Mons (28)
?,(Sat) 4 Apr 2009 (13),AFC Tubize (28),0-1,0-1,KSV Roeselare (28)
?,(Sat) 4 Apr 2009 (13),SV Zulte Waregem (28),3-1,0-1,Cercle Brugge (28)
?,(Sun) 5 Apr 2009 (13),KSC Lokeren OV (28),0-0,0-0,RSC Anderlecht (28)
?,(Sun) 5 Apr 2009 (13),Standard Liège (28),3-1,2-1,Germinal Beerschot (28)
?,(Fri) 10 Apr 2009 (14),KSV Roeselare (29),1-0,1-0,KRC Genk (29)
?,(Sat) 11 Apr 2009 (14),RAEC Mons (29),0-1,0-1,KV Mechelen (29)
?,(Sat) 11 Apr 2009 (14),Cercle Brugge (29),4-1,1-0,AFC Tubize (29)
?,(Sat) 11 Apr 2009 (14),Sporting Charleroi (29),1-0,1-0,Royal Excel Moeskroen (29)
?,(Sat) 11 Apr 2009 (14),Germinal Beerschot (29),1-2,0-1,SV Zulte Waregem (29)
?,(Sat) 11 Apr 2009 (14),KV Kortrijk (29),1-2,0-0,FCV Dender EH (29)
?,(Sat) 11 Apr 2009 (14),Standard Liège (29),1-0,1-0,KSC Lokeren OV (29)
?,(Sun) 12 Apr 2009 (14),RSC Anderlecht (29),1-0,1-0,Club Brugge (29)
?,(Sun) 12 Apr 2009 (14),KAA Gent (29),2-0,2-0,KVC Westerlo (29)
?,(Fri) 17 Apr 2009 (15),KRC Genk (30),2-2,1-1,KAA Gent (30)
?,(Sat) 18 Apr 2009 (15),Club Brugge (30),3-2,1-2,RAEC Mons (30)
?,(Sat) 18 Apr 2009 (15),KSC Lokeren OV (30),1-0,0-0,Germinal Beerschot (30)
?,(Sat) 18 Apr 2009 (15),KV Mechelen (30),0-1,0-0,Cercle Brugge (30)
?,(Sat) 18 Apr 2009 (15),Royal Excel Moeskroen (30),0-3,0-1,Standard Liège (30)
?,(Sat) 18 Apr 2009 (15),AFC Tubize (30),3-1,1-1,Sporting Charleroi (30)
?,(Sat) 18 Apr 2009 (15),SV Zulte Waregem (30),5-1,0-0,KV Kortrijk (30)
?,(Sun) 19 Apr 2009 (15),FCV Dender EH (30),3-1,1-0,KSV Roeselare (30)
?,(Sun) 19 Apr 2009 (15),KVC Westerlo (30),0-1,0-0,RSC Anderlecht (30)
?,(Fri) 24 Apr 2009 (16),Germinal Beerschot (31),2-0,1-0,Club Brugge (31)
?,(Sat) 25 Apr 2009 (16),RSC Anderlecht (31),4-0,3-0,FCV Dender EH (31)
?,(Sat) 25 Apr 2009 (16),RAEC Mons (31),0-2,0-1,KVC Westerlo (31)
?,(Sat) 25 Apr 2009 (16),Sporting Charleroi (31),1-0,0-0,SV Zulte Waregem (31)
?,(Sat) 25 Apr 2009 (16),KV Kortrijk (31),2-2,2-1,AFC Tubize (31)
?,(Sat) 25 Apr 2009 (16),KSC Lokeren OV (31),3-0,1-0,Royal Excel Moeskroen (31)
?,(Sat) 25 Apr 2009 (16),Standard Liège (31),4-1,4-0,KV Mechelen (31)
?,(Sun) 26 Apr 2009 (16),Cercle Brugge (31),1-3,1-0,KRC Genk (31)
?,(Sun) 26 Apr 2009 (16),KSV Roeselare (31),1-3,0-1,KAA Gent (31)
?,(Fri) 1 May 2009 (17),Club Brugge (32),2-3,0-2,KSC Lokeren OV (32)
?,(Sat) 2 May 2009 (17),FCV Dender EH (32),0-0,0-0,RAEC Mons (32)
?,(Sat) 2 May 2009 (17),KAA Gent (32),2-1,1-1,Cercle Brugge (32)
?,(Sat) 2 May 2009 (17),KV Mechelen (32),2-1,0-1,Sporting Charleroi (32)
?,(Sat) 2 May 2009 (17),Royal Excel Moeskroen (32),3-1,1-1,Germinal Beerschot (32)
?,(Sat) 2 May 2009 (17),SV Zulte Waregem (32),0-0,0-0,Standard Liège (32)
?,(Sat) 2 May 2009 (17),KVC Westerlo (32),1-0,0-0,KSV Roeselare (32)
?,(Sun) 3 May 2009 (17),KRC Genk (32),0-1,0-0,KV Kortrijk (32)
?,(Sun) 3 May 2009 (17),AFC Tubize (32),1-1,0-0,RSC Anderlecht (32)
?,(Fri) 8 May 2009 (18),Germinal Beerschot (33),3-1,1-0,KV Mechelen (33)
?,(Sat) 9 May 2009 (18),RSC Anderlecht (33),3-1,1-0,KSV Roeselare (33)
?,(Sat) 9 May 2009 (18),RAEC Mons (33),1-1,0-1,AFC Tubize (33)
?,(Sat) 9 May 2009 (18),Cercle Brugge (33),2-1,1-1,KVC Westerlo (33)
?,(Sat) 9 May 2009 (18),Sporting Charleroi (33),3-0,0-0,KRC Genk (33)
?,(Sat) 9 May 2009 (18),KV Kortrijk (33),0-2,0-1,KAA Gent (33)
?,(Sat) 9 May 2009 (18),KSC Lokeren OV (33),0-2,0-1,FCV Dender EH (33)
?,(Sat) 9 May 2009 (18),Royal Excel Moeskroen (33),0-2,0-2,SV Zulte Waregem (33)
?,(Sat) 9 May 2009 (18),Standard Liège (33),2-0,1-0,Club Brugge (33)
?,(Fri) 15 May 2009 (19),KV Mechelen (34),3-0,0-0,KSC Lokeren OV (34)
?,(Sat) 16 May 2009 (19),Club Brugge (34),4-1,3-1,Royal Excel Moeskroen (34)
?,(Sat) 16 May 2009 (19),FCV Dender EH (34),1-2,0-1,Sporting Charleroi (34)
?,(Sat) 16 May 2009 (19),KRC Genk (34),0-2,0-1,RSC Anderlecht (34)
?,(Sat) 16 May 2009 (19),KAA Gent (34),0-1,0-1,Standard Liège (34)
?,(Sat) 16 May 2009 (19),KSV Roeselare (34),1-2,1-0,Cercle Brugge (34)
?,(Sat) 16 May 2009 (19),AFC Tubize (34),1-0,0-0,Germinal Beerschot (34)
?,(Sat) 16 May 2009 (19),SV Zulte Waregem (34),3-0,1-0,RAEC Mons (34)
?,(Sat) 16 May 2009 (19),KVC Westerlo (34),1-3,0-1,KV Kortrijk (34)
